source,target
kartikMathur97,gureks
aaryanfcb,gureks
Dattatreya303,gureks
thesherrybrand,gureks
abhi7_chauhan,gureks
shrebox,gureks
lakshaytlwr,gureks
advik_aggarwal,gureks
ar_joezy,gureks
Yaduvnshi_sahil,gureks
irritatingyidli,gureks
IpkshitaSingh,gureks
saocitra1,gureks
Amitsinha_IND,gureks
armank12112,gureks
amrit_jindal,gureks
JjTejas,gureks
KushChauhancr7,gureks
commentariats,gureks
srishkohli,gureks
devenahlawat,gureks
hdmuseum,gureks
khazianan,gureks
PeaceLoveMagick,gureks
shubhamch155,gureks
AkshitaSharma99,gureks
PareschiVanessa,gureks
gureks,azizansari
gureks,kartikMathur97
gureks,IIITGreens
gureks,nainkat
gureks,Trendulkar
gureks,vinayaksn
gureks,ponguru
gureks,IIITDelhi
gureks,Zakirism
gureks,RamandeepTrehan
gureks,Jeeveshu
gureks,EsyaIIITD
gureks,AbijitG
gureks,_rawlive
gureks,frisson_records
gureks,itsgltch
gureks,IIITDOdyssey
gureks,BollywoodGandu
gureks,one_by_two
gureks,HumorouslyVipul
gureks,hankypanty
gureks,EkThapaTiger
gureks,JusReign
gureks,absolutelydanny
gureks,neetipalta
gureks,TheQtiyapaGuy
gureks,thevirdas
gureks,mojorojo
gureks,TheViralFever
gureks,thetanmay
gureks,AllIndiaBakchod
gureks,kalyanrath
gureks,KananGill
gureks,stupidusmaximus
gureks,abishmathew
gureks,gkhamba
gureks,AksharPathak
gureks,nikesharora
