id,label
1,JentegrityGirl
2,absolutelydanny
3,sherryclaus
4,priyankarani_
5,cathrinematthe4
6,yashmittal246
7,SnehLat62609718
8,TwitterBooks
9,PacificInspire
10,TwitterTV
11,lothentic00
12,Anita_NR
13,FSBoardGames
14,sxtattoopgh
15,jualsextoybaru
16,minu_puri
17,falahpratama17
18,twinders691
19,PanwarYo
20,PantDipanshu
21,ChutaniSrishti
22,TwitterMovies
23,cssawards
24,shubhkirtidev
25,BfingerB
26,Yadav19Sagar
27,SteveKe60738160
28,byadavbjp
29,hdmuseum
30,PureFlix
31,jeresig
32,richardpearl13
33,syona_BlueAdkin
34,Mr_Atikur
35,anchor_bar
36,RobertKenWatson
37,gossipz
38,AWPlemmonsSr
39,susmithasatyas
40,BjRivera2
41,CrystalpdChau
42,jodygaza
43,jivjyot_singh
44,SanchitKiran
45,blackwhitepmore
46,mercitranspot
47,BradtEGguide
48,xMariaV
49,BloodlineTat7
50,EconomicTimes
51,meumangarora
52,TheMotoBlogs
53,iqbalghiffari4
54,ToysRUs
55,kotiya_parag
56,BikeOnMoto
57,amrutha07074750
58,SaadAhmadRahat
59,Kingsrght
60,CNavalmoral
61,michael_sason
62,kamranshahid543
63,lavchauhan10
64,thetanmay
65,nubemalaysia
66,faul77
67,ar_joezy
68,MartinDrive
69,JacobLovemore
70,KildareSports
71,Chris_Kardas
72,Piyush62905901
73,vertcrater
74,DheerajSanghi
75,innov8cowork
76,TinaHall2017
77,Bluke955Luke
78,tommywijaya0325
79,ABanchhiwal
80,bhalla_meghna
81,timmyfromthe30
82,metrmotorsports
83,SaahilSachdev
84,amitnagar102030
85,michael93737356
86,bf823fc538f446e
87,214Muni
88,Rajendr72675628
89,linhela0388
90,fmartinezromero
91,MohmmadIstiyak
92,Top100Quotes_
93,chaudharyram18
94,TINKER2ELVIS
95,DrWolfSouthAsia
96,MollyPeterzZ
97,SandeepManchan8
98,kambudny
99,NewYorker
100,Ihtisha74488748
101,dhume
102,rafiyya7
103,ali073625
104,iamlolitamc
105,nazirmohadtofan
106,TanishGupta15
107,maniktudu
108,AndradeMjunior
109,CortesNorieg
110,Abhishekj720
111,Bhawanashree
112,GSI_Getaway
113,myonlineshop84
114,gera_sela
115,FaizanQ12345
116,TanyaOKelley1
117,gegs_vera
118,BohemianGirlArt
119,Zakirism
120,ElizabethBanks
121,SukronHidayat5
122,DisneyPixar
123,vg_is_coming
124,rohit_pwr
125,Petrosrebel3
126,kalyanrath
127,SethMacFarlane
128,CreatorsGurukul
129,KhanDdigital158
130,Scoob1997
131,muertosvivosmc
132,lalbabu_mohamed
133,selim_jahan
134,JaiveerShergill
135,rahulranjan0
136,AthmayNambiar
137,ChristiansVoic1
138,KarnaArclla2
139,SparshGanga
140,hussainafridi21
141,vijayjk4
142,WartaKepri
143,mohinibhadoria
144,SangHipnotis1
145,TwitterSports
146,punjabipaisa
147,indiatvnews
148,maurofiaba
149,Parveen29684421
150,Shoccolalita
151,socalfieldtrips
152,MessiahFdn
153,Chanch_95
154,angadjsingh99
155,EmpowerWomen31
156,bbreitzman
157,Prabhanshu28
158,VNagpatney
159,SrvastvRohit
160,ShrVas1
161,CraftTreasures
162,o_v_shake
163,gauravreloaded1
164,GeraldRiegler1
165,glen_kroese
166,WilczewskiGreg
167,CSEINDIA
168,SaloniKogta
169,therealcliffyb
170,prajwal_bhan
171,luco_pa
172,DaneDehaven
173,Cabuby
174,hankypanty
175,armank12112
176,HIDEO_KOJIMA_EN
177,PremDesai2
178,infystyle16
179,foley_tadgh
180,comsnets
181,MadelineGlauetr
182,WaltDisneyWorld
183,LoveFreyaRose
184,k_yhome
185,serat_aziz
186,Divino_India
187,AparajitP
188,madhav23
189,roxi20020710
190,Eurysdeleon
191,SigiantoA
192,imsubkrishd
193,RamaRegweda
194,kajaharish4hud
195,_Itsjayhere
196,nazriel_fahreza
197,dianmil2
198,taylorswift13
199,EthaBardwell
200,tuyenpham22
201,funpramreal
202,NTempleofFaith
203,joeysweetpea
204,uttoransen
205,Chris_Iwanek
206,Olympics
207,Asihscamarank1
208,lalitaditya95
209,faraghanimac
210,ChiyaJamwal
211,shrebox
212,Katyrg13
213,KshamtaWadhwa
214,pandey2595
215,jacksparrow2711
216,LolitaDrugs
217,jeftirinna
218,altonbrown
219,onsiteGo
220,_rawlive
221,Ujuk_87
222,irffei
223,IIITDelhi
224,Trendulkar
225,wsl
226,Sivamp1639gmai1
227,TheStartupTimes
228,Alessan15223791
229,JhaShalinipkjha
230,bammcollective
231,moelogo
232,cobbscorner
233,riccardoberton1
234,StarSportsIndia
235,too_validd
236,ohh_facts
237,DianneMolna
238,anurag000
239,arjbah
240,FollowDMme
241,kellystilwell
242,JohnFox34434609
243,vianingri
244,choi_afdb
245,firstpost
246,nurfafh82081564
247,michael_wuzusn
248,MasharibHussai4
249,toplawyerservic
250,ashimakhus
251,HumorouslyVipul
252,EntrepreneurQ
253,ActuallyNPH
254,cxhaiikiat_
255,praveenbabu309
256,ufc
257,Aravind817
258,sutrisnoadjie1
259,pbsparents
260,Backmarker
261,JJWatt
262,SteelHawkChain2
263,DAVIDprice24
264,IshaanJuneja2
265,John34756544
266,Tkarera
267,srisherlly
268,swvarijq1124
269,ChairCrafts
270,RobertBMckenzie
271,_chicaslindas
272,Iam_Wliii
273,DGLProject
274,AshesAndRust
275,shahilshaikh9
276,thepurplestuff
277,SethAruj
278,animalpugs
279,norma6013
280,tusharranjan77
281,ujjwal_dimri
282,BCCI
283,rayaangraeni
284,YeyenLahasan_
285,StayLitForLife
286,anshk360
287,Lebahmastercom
288,MonuArisaab
289,BenCool20510753
290,artoftheheart7
291,SarawagiVritika
292,patsavageband
293,Raunak09786261
294,LunarLOgic112
295,ellisislcapital
296,TFLN
297,wizkhalifa
298,indiaenvportal
299,KartikDhingra13
300,sshashwat8
301,WindyAstuty29
302,mojorojo
303,chiragdevmaster
304,ldidsbury
305,realMarcoTulio
306,BassBax7
307,keerthyraman
308,danieltosh
309,Danlazi
310,nasruddinSPP
311,JordanSpieth
312,CantuEliberto
313,br
314,amandacpeterson
315,IndiaToday
316,Claradaramerry3
317,dafid_farma
318,AleLomeu
319,vivaveltoro
320,CoRiderNews
321,trippy_mei
322,ErikHuberman
323,BRRao8
324,scariestories
325,rijularora007
326,ffushia
327,GlobalRepCentre
328,bayususeno20011
329,ArvindK86225134
330,chatoshop
331,420cdope
332,brinda_moorthy
333,khushsundar
334,Darksider_69
335,dinesh_boss007
336,Dharmendra869
337,spidermanagent
338,sethmeyers
339,zella_soraya
340,atirrajput11
341,tanzeemraza4
342,Laneonidas
343,i_stan_them_all
344,cstallings29
345,TanviWaghray
346,annnanolasco
347,NisNisay02_
348,ShawnMendes
349,surgivisor
350,afrida_fikario
351,NazzyJazzy93
352,1ndra5555
353,MervynEricka
354,yangma1198345
355,guptanna
356,valerielee555
357,happybilal55
358,ProudBookaholic
359,ashuqureshi09
360,atirrajput14
361,goldenedege
362,Ehodgson28
363,KimberlyTookman
364,Heartloveplcmke
365,VishalS711
366,sharlen23680847
367,L_Bell26
368,chriscope
369,Vel28789491
370,pulzkit
371,shadabsaleem76
372,medina1483
373,hareram10396361
374,shiivaangiii
375,icanlubis31
376,Lucie1315863
377,addyosmani
378,AllIndiaBakchod
379,enjijay___
380,RealDLHughley
381,ErniFitt
382,P_PERINDOJAMBI
383,zaynmalik
384,Shaan_Chopra97
385,sanjay_00kr
386,Aakashgupta9873
387,rustyrockets
388,mayangsarah2
389,anujprajapati11
390,_Business_India
391,Nits_0208
392,helloprabhav
393,firetruckduck
394,marcjacobs
395,HumbertoMoctezu
396,inderveers2001
397,TheFoodLab
398,Roisalamin_10
399,ennyslim1
400,mattx096
401,Shiv_OSU
402,RajatTanwar14
403,gmukul63
404,michellifalcon
405,kegel_kenny
406,_RebeccaTreacy
407,anshulgoyal424
408,AC2485
409,jokerno786
410,vivek_arunim
411,clickmadness
412,gentlemals
413,deepankr_sharma
414,LittlestFish
415,JrFiji
416,suheenaayrga
417,AskAaronLee
418,nbc
419,JusReign
420,nickhakim4
421,pergio13
422,colonelnasheed
423,BilwadalR
424,TheCanMarker
425,DogShop42
426,Diyo79415814
427,ponguru
428,megcabot
429,ecuadir_com
430,Harishuginval
431,SocialAlly_USA
432,Burberry
433,GamesBolt
434,pintoodigital
435,SSPlaybook
436,proenzaschouler
437,Gator1947
438,vikasniu
439,fafa_armiy
440,GeoffSheldon13
441,AnkitShree2
442,ponchopelvis
443,AkSony7
444,djmagno31
445,levine
446,tasty
447,khumaidi_arifin
448,paturner52901
449,AdnanKhanSaifi
450,harshbarvaliya
451,LiveKhabar24
452,sanjaynirupam
453,itsgltch
454,zlatanisyourdad
455,hp4581413
456,amtkazooie
457,akarsha98
458,BabitaPhogat
459,ErnestFrankli19
460,My_cool_look
461,CarlosMeneses_A
462,LavenderField31
463,AkshitaSharma99
464,ayushag025
465,guarnaschelli
466,nicopole80
467,abhaymanish44
468,vikashmehra51
469,08perk
470,superjulia19
471,tweety_7890
472,AndrewKelsall
473,AMANMURSHID
474,Mamthalgowda
475,ashnagarg30
476,shreyajetly
477,Sulaima47919679
478,mochyusuf282015
479,thesaurous97
480,Paula_White
481,Jennife47339578
482,CSports5
483,scorebulgaria
484,tiaa44
485,DediMaster9
486,MaryamJahan5
487,BagouliLokesh
488,JyotiMa57141085
489,AzarielFlame
490,WorshipTherapy
491,vishalgupta_vg
492,davidbuckland43
493,nesinovita95
494,thevirdas
495,rohit3347
496,YazzTheGreatest
497,ananya123me
498,SpongeBob
499,JaysonRuah
500,ftv_ministries
501,LindaZucco
502,tmikem78
503,NarindaPutri1
504,NurulAidaFi93
505,sharan_sourav
506,HarkeshSci
507,tristagreen28
508,Kristin29562202
509,yulka_puk
510,thesherrybrand
511,achtoo_br
512,vidyadharanmp
513,AdamKulik23
514,ddlovato
515,lakshaytlwr
516,OsvaldoOmoo61
517,Bolney8Bells
518,bymuwyfofeb
519,lenadunham
520,pesHiNN
521,ba_vinder
522,HelenRmsey
523,Cinco_Windsor
524,Shramdaanindia
525,FigliaGiu
526,enimstanno1970
527,SoumikRoy
528,dellacqua1963
529,himansh46497872
530,mommymakestime
531,andredua30
532,irmaWat71101579
533,notch
534,shakaalwithbaal
535,srihariprasads
536,MoonisElahi6
537,ShiWantsTheC
538,vrindagupta66
539,ConsciousJewels
540,JJBeautyQueen
541,gollznn2
542,FundamentalGirl
543,Nhup_Official
544,fantich_regena
545,adg_5
546,zmzmpersian
547,PraySoHardPlay
548,GovtOfPunjab
549,RahulMo29630038
550,rahularora9910
551,SportsNation
552,Refinery29
553,handlebarguy
554,jramtejas
555,nikolaus_a
556,Elizapastorraja
557,RobbyJayAnthon1
558,umarmuhiddin
559,EZMediaPosting
560,jackahmed12
561,angadthedude
562,agungtrisaput20
563,carlosedition
564,MrLeonardKim
565,MarieCosgrove45
566,fitriimut283
567,CalpicoID
568,ZacharyNorton
569,satishacharya
570,Amitsinha_IND
571,krsnakhandelwal
572,sanjayt01031980
573,monica13082001
574,Asherz
575,junimbrandao
576,hoggshit_Mag
577,Raunak_Gupta123
578,tanmayflyboy
579,21_afiqo
580,KingJames
581,melinda_looney
582,xp19890507
583,irmawat30404311
584,elinaliu3
585,ScottBlevins20
586,Subashish3
587,SudhirBhardwaj
588,ImSamWatt
589,hammaddd_idkwtf
590,SyaifullahIpul6
591,KerinCemerlang
592,AoDespair
593,L_I_P1316
594,aerotwist
595,Tushita_Rathore
596,mehdifoundation
597,EllenBarryNYT
598,ABC
599,adivik22
600,AgraWasi123
601,gustavopareschi
602,montanaisntreal
603,Bitkom_eTourism
604,Ishtiaq4444
605,juwitahartati1
606,karuneshtalwar
607,insan092
608,LuckyPeach
609,skinner1966
610,MargaretAtwood
611,AdityaP94029433
612,Yash00kumar
613,BurgerKingQatar
614,sudeeksha_rao
615,FinnsAngle
616,Vn1717
617,Sulastr66562251
618,abhijitmajumder
619,jmechner
620,parentsmagazine
621,BlueCoupeBangin
622,JuliaRi73368775
623,IIITGreens
624,JhaSanjay
625,D0n0man0
626,dgbrown09
627,eeuisnurlaela
628,LatoyaFerns
629,MaristelaTrig
630,TwitterFashion
631,GopiVasala1
632,pakhi95494
633,TrutalkabtGod
634,hiroky_2001
635,TimeaBella1
636,OrangApai
637,kartik_505
638,JulioSalvati
639,monisha_15896
640,imvipul15
641,upasana98
642,jolanodosu
643,HimanshuKhndlwl
644,augrs85
645,ANTHONY01076647
646,Chotoahmad2
647,Abhijithashoka9
648,Deepakdoc16
649,pipeburn
650,Benb144Candice
651,DebHanby
652,MuslimShirzad
653,breadoverbombs
654,totalfratmove
655,Ray8134
656,77hamidiDi
657,commun_it
658,muzammi672
659,bohajyvi
660,csoham358
661,AanishaBelur
662,YoOsSoOL
663,dunhambrosgame1
664,Johnsodphil
665,Only4AAP
666,Mike_E23
667,holyLisaAnn
668,ChAlessandras
669,FarmersBonnie
670,nonprofitcoffee
671,kaavashbahl
672,itznitinsingh
673,gureks
674,SUSHROX
675,Deep_loovee
676,VanityFair
677,tyrabanks
678,Shikhaaaaa1
679,natasyasri1
680,kincommunity
681,2912_lheviazha
682,Akshita86530413
683,hexr96
684,jacqueschunqiu
685,katiyarankur2
686,DeepakA58467953
687,Rawtyperiot
688,eveirecarolina
689,rallybikeNbar
690,rocksonn
691,Abhay_Kgp
692,Akshitasharma00
693,siddarchana
694,kamran_kamaran
695,MeetMeet11sadhu
696,LoriStutzman
697,DivyamSinghal
698,kimshelb
699,prinzezkiarra
700,Eklavya96
701,jk_rowling
702,SanabaHabri
703,mrin_AL
704,veronicasari757
705,Misnachiqi2
706,nikesharora
707,tasya_olivia2
708,Ray3806
709,Widi08123
710,khazianan
711,DannyDeVito
712,neha_gulecha
713,ebiieslow
714,CrookedClubhou2
715,sesamestreet
716,MallikSourabh
717,AksharPathak
718,RabinYgn
719,MorganBeaugrand
720,pitushinde
721,SarahKSilverman
722,violativewitch
723,_DialogueIndia
724,Ulises0404
725,Bh_Chandra
726,nam_indonesia
727,SudheenKulkarni
728,Ms_MarianWalker
729,FuckingJoking
730,JaskiratOberoi
731,EasternCarts
732,motoperst
733,CBNNews
734,NISHANTmatta
735,DoubleComedy
736,LmaoAIIDay
737,letsmovemariana
738,Raevyn77
739,Ramvilasgadr
740,AccordWorldwide
741,pressfarmlaunch
742,zoha_hamid
743,Laurany_
744,foodandwine
745,PMGDISHA
746,IshaanDegea1
747,Orbitcoin
748,navneetkr82
749,aaryanfcb
750,chasepratt76
751,viju1598
752,dewi_nevita
753,joeysvw
754,bhanu_beniwal
755,Folasad61591020
756,UltraTimbob
757,et_tjah
758,SirPseudo
759,kshgupta100
760,mdrana6617
761,michaelGladsto3
762,Noei_zanah
763,jimmyfallon
764,_Shreya_Sharma_
765,stupidusmaximus
766,sheetalseth01
767,alexandr_roxxa
768,clinicmanakriti
769,Nishant89310637
770,iamMridulG
771,destinyray_63
772,Courtney_231098
773,HarounMnsour1
774,steveaoki
775,DotsonDewayne
776,Women_Vote
777,loveportalnetwk
778,redbaron1200s
779,HelenClarkNZ
780,hemusultan
781,abhishek_mbd
782,manningmegan26
783,KavaLalit2
784,yantob989
785,MargieBlackwe15
786,femfreq
787,LalittChaudhary
788,Jadeorablexx
789,MattNewYou
790,asRuL29
791,Portuguese_chef
792,RIDEManx
793,PintuFollower3
794,AnandRoy1176
795,sid0_o
796,KrishnaSandhir
797,roopakkapoor07
798,UglyFruitAndVeg
799,himdaughter
800,tweetbeinghuman
801,TeamToFollow
802,rollingstoned4
803,adamazade
804,shubhamch155
805,jstorres
806,maedson_souza
807,susupeninggibdn
808,umamylapally96
809,lomtik1979
810,ivonne3408
811,ivyortiz29
812,WanderWorx
813,PlaystationWrld
814,Mohd21465098
815,adriandasilva15
816,itsruthb
817,TRegripping
818,JondriSStore
819,randalfarfan1
820,Hendripru0
821,Big_Shawny1
822,_UltimateBaby_
823,IMDb
824,TheVeigleGroup
825,indiajobzs
826,AtirCr
827,KevinSpacey
828,DunyaNews
829,AbhiUpmanyu
830,meangirllist
831,EasyVectors
832,Dyah_Aydha97
833,Kanuj82
834,ShivaNa231523
835,TonySquarpents
836,BakedHistory
837,ILMFR
838,CharlimJual
839,nanangrevolusi1
840,HandzMixel
841,down2earthindia
842,Pawanra79946108
843,imSjediya
844,cierrajames5
845,AmitBisht10099
846,ilyas78786
847,AMK7860
848,Angelicatasyaa
849,VishalDadlani
850,benedictalucke
851,deepak201500
852,GMBranding
853,Olivia_Huank
854,rahul_fauzi
855,worldofsoulmc
856,heri552
857,kristi_walston
858,mrjaymanuel
859,d0hertyry4n
860,CEngelsvoll
861,simon1mason
862,christianitan23
863,Andresb145
864,anayaboboho
865,nikhilhassija
866,jenreyneri
867,kanahiyasahu1
868,productdistro
869,Rahmaniaunyuun1
870,IvindKnudsen
871,ericthemarketer
872,BambiManley
873,EsyaIIITD
874,raida_husen
875,JackieSFinch
876,UFCWorldNews
877,prkshpp
878,Muhamma18587797
879,GULSHANMADAAN10
880,MackenzieShana1
881,MildredMboss
882,sdewqa231
883,mdshahadut2
884,trousersnake24
885,enactus_sac
886,MiaTomlinsonkz
887,frenzyshow
888,MechaSEA_
889,rameshlaus
890,dede_amanowilks
891,RWitherspoon
892,Cruiser__Lover
893,WithoutaHitchAZ
894,Atulkesha
895,batmanav10
896,srishkohli
897,AfazUmer
898,SrishtiMahi394
899,Andy_Soundy
900,commentariats
901,BrenthurstF
902,penguinusa
903,Hestii_Tiaa
904,ArifArifambudi4
905,SharkSocket
906,Gamers_Cheat
907,imvishnuverma
908,KartikDhingra20
909,mrazaharoon
910,refamas29
911,TheSearedBeard
912,pattyoh11
913,reemha12
914,JussieSmollett
915,frisson_records
916,nypl
917,SAMonitor
918,nytimesbooks
919,Lusiana_Dewi22
920,ReevesTattooer
921,LalinkisLalos
922,Nikpate78165541
923,imran5780
924,Nesaraa_achar
925,pace_medical
926,neetipalta
927,suzspencertv
928,itsmelohia
929,rkuks
930,AmritaDhawan1
931,heartbraking
932,thechopperdogs
933,SenguptaSrishti
934,Siskasasuke
935,ishbir_walia
936,scottyeazle
937,Aliszia3
938,voguemagazine
939,tumunsociety
940,AAPVed
941,CantikNadifa
942,Jess_Martin88
943,sapitvision2020
944,Antonio65595188
945,prillyistianah
946,sunildathps
947,Mayank1Hbk2
948,tanmaya17
949,VarshiRathore
950,iBelieveInHarry
951,mindykaling
952,Apparitionhavoc
953,MrowlandMatt
954,Ivan2306
955,justinbieber
956,AkshitS73643399
957,jeanqasaur
958,sunitanar
959,MotoBikesCorner
960,Fastrackali
961,Sienna_Laffer
962,TheOnion
963,HarryKuamr
964,humaspolres_pwk
965,_TravelBible
966,jg11889
967,3idiotsvloggers
968,pesyvukawi
969,JusaFleshwound
970,ThelmaBlandx
971,ChristinaRudol2
972,abishmathew
973,SmthnglikeKites
974,hussainafridi22
975,Zenith06_abd
976,kookiesssBTS
977,atulmohanhere
978,ethanfawke
979,yamin_Rp4
980,Ayuwahyuni81
981,TheBigAction
982,DDNewsLive
983,JjTejas
984,aseanstrategic
985,farri201
986,Djaleico
987,jennlouis
988,shrawnz23
989,RobLarkinJr
990,AVOgaming1
991,ajipijat
992,DorisWantell
993,whosebatman
994,maulidyahaznaa
995,rmwifeu
996,Ng_0511
997,rellanoel1
998,RichardBlais
999,DADDYLAYLAY
1000,irritatingyidli
1001,samdavinci2_641
1002,MilitaryNewsE
1003,Wonder_Poster
1004,1966dummies
1005,robby030796
1006,amelboboho1
1007,Andika2823
1008,CyyChi
1009,DUPERKICK
1010,talexander
1011,TukiTravel
1012,BorisNoKojoe
1013,abolade4all
1014,Amit_Raja_Naik
1015,GrangerRox
1016,SatyamS92977246
1017,NASCARSpeedway
1018,heritage1972
1019,PrintingJepara
1020,DrRobMelillo
1021,EW
1022,rdbaier
1023,yanservis123
1024,nandujkishor
1025,JLYEXR0459
1026,IIITDOdyssey
1027,UddinShazad
1028,glamouron
1029,bIKZVW6TRzBl9hZ
1030,Nandarnav
1031,nkmis
1032,tejucole
1033,smithl2309
1034,Maherunishasha1
1035,beardfoundation
1036,roymelioths
1037,ericayap7
1038,Good___Balance
1039,sutiyono1975
1040,abhi7_chauhan
1041,MLS
1042,turstme63
1043,larasati_endar
1044,simonschuster
1045,IreneVallorini
1046,KINGRPG
1047,nitin_sethi3015
1048,Prakash70942333
1049,ItsKKHere1
1050,ridho_extho
1051,Gilt
1052,KathyWa65753813
1053,GntvNews
1054,cgxcell
1055,RaghavKukreti
1056,BandhuSaha
1057,Ultracooler
1058,Rhinasoraya
1059,sriharsha_bhat
1060,BushneyDeejay
1061,jennyhinderer
1062,SahooAvipsa
1063,priyaag2015
1064,feliciaday
1065,simonallan11
1066,BareEndsSoaps
1067,Big_G_09
1068,Mohamed36236263
1069,faultfive
1070,meet_rahma
1071,ShaniBa85067719
1072,mumtahinamum3
1073,RizalAp97
1074,Lisacruzr
1075,Poncho123Yael
1076,Ghayal_again
1077,mrrahulanand
1078,sunshine9919
1079,Shikhar702
1080,VitriMutiara95
1081,MileyCyrus
1082,rahmadres92
1083,FoodtrendsIn
1084,CarmenG08097922
1085,JMiquelWine
1086,SunGroupWP
1087,EkThapaTiger
1088,libreetheureux
1089,global_hello
1090,tarun_naresh
1091,Rudra_81
1092,meshubhamlive
1093,mak4121997
1094,GospelSummary
1095,AyushmanBorah
1096,MarkGoulston
1097,RishabhSurolia
1098,manishvaidcapri
1099,shyam_sri
1100,MirandaKerr
1101,MassingueInacio
1102,devenahlawat
1103,ben_shop16
1104,jenfee98
1105,ilyaspasa344
1106,noggle_facebk
1107,heidiklum
1108,alecks080
1109,betting365tips
1110,aleckzeya1
1111,aadarsh_gf
1112,i4m91
1113,Diplav_splash
1114,anasaamar241197
1115,KimKardashian
1116,sid7o1
1117,WACustoms
1118,bardo_mario
1119,Altamimi7809
1120,EmonBlueBlue
1121,selifiatan168
1122,kunalkamra88
1123,Douglas83692281
1124,Aafreen38527496
1125,ID_AA_Carmack
1126,subhrangshusp
1127,Astina62043315
1128,finnhenrys
1129,Sarijah13
1130,AnthonyZurowski
1131,GodsCourier1
1132,NintendoAmerica
1133,wwwbigbaldhead
1134,BikerStoryTv
1135,RamandeepTrehan
1136,Insperity
1137,SuciRam65257916
1138,parshanth97
1139,Fmaddaleni
1140,CHANEL
1141,DuvalMagic
1142,DecorDark
1143,I_FAHD_I
1144,maikalovefam
1145,shaktisinhgohil
1146,TarekFatah
1147,AllBlack77
1148,GuyRizzo2
1149,amiya_rbehera
1150,saocitra1
1151,lucastucker4511
1152,walker_rockwell
1153,MukulPiparsania
1154,1st_usa_fashion
1155,lifeisyotube
1156,Berentzen_USA
1157,prettypre96
1158,jamphotostudio
1159,IslamRashid863
1160,ReetikaJinwal
1161,jjyosh
1162,myfourandmore
1163,HossenRafsan
1164,SweetyKisss
1165,ReneRedzepiNoma
1166,vishalmishra868
1167,28finansial
1168,17Ultra23
1169,nainkat
1170,BeingRohannn
1171,rishabh_sjmc
1172,gautret
1173,paul_irish
1174,sbka_bdla_lunga
1175,katyperry
1176,Aroravanshi
1177,Sendicconstant
1178,roysangy
1179,priyankashah92
1180,Exzire
1181,DragonEggInn
1182,ANGELLA76345897
1183,kdevishi
1184,JanhitMeiJaari
1185,CHARMARZN
1186,AllicheKarina
1187,mepratap
1188,StrikeAntonio
1189,HamptonRoadsHD
1190,OfficineM
1191,Inzamamulahmed2
1192,TomCruise
1193,jessicamaria020
1194,kartikMathur97
1195,joley_sarah
1196,Bavinder21
1197,nandamunish177
1198,Kitsuphatkaews3
1199,c7cc_com
1200,darkapex404
1201,Nadeem4ul
1202,1blac1
1203,yohannjacob2
1204,HisGloryBlog
1205,MohamnedZahra
1206,MohiniguptaMoni
1207,judyblume
1208,a4ahmedabad
1209,sunny5sep
1210,jonatafbitt
1211,oldcombs
1212,spotlighttimes
1213,Rent4Ride
1214,JonBikeLovers1
1215,PranayK00920412
1216,heyLeomemory
1217,9_nimish
1218,CatinaC23215367
1219,MedikeriPiyush
1220,mariaellison133
1221,evelyncheyenne
1222,getewawokav
1223,selenagomez
1224,ekeefe100_keefe
1225,SinghLions
1226,studiestoday
1227,itsKreon
1228,sipidials
1229,awwwwwwad
1230,AlokR23
1231,Abraham_SK_37
1232,MikeBrunner7
1233,vkd1290
1234,BB_Cycles
1235,srinivasVZG
1236,bitsometreats
1237,gloriozakisele1
1238,Skinny_griffin
1239,ArsVed
1240,LazyFantazy
1241,donnamackenzi17
1242,clothingbih
1243,LIVE_for_YAHWEH
1244,aidil_chef
1245,MiguelAcRo
1246,CRAnspach
1247,KalaniBallFree
1248,LeilaniCorning
1249,Tanmoy_Chak
1250,claudia_rondena
1251,pramodsikar
1252,ladygaga
1253,EdsonVi91687913
1254,kobebryant
1255,gameopsgirl
1256,IamAman26
1257,Waugs1
1258,T_H_E_E_D_M
1259,one_by_two
1260,Rathish85471646
1261,AnnNoonan10
1262,PeterKoeckhoven
1263,DorisGarcias3
1264,TheEllenShow
1265,dharmender88026
1266,duductga1
1267,lokeshsamant26
1268,alex246087
1269,NoviNovianovi77
1270,UKSMIDSY
1271,fabienlaine
1272,muzakkir_lgsa
1273,PeaceLoveMagick
1274,panujkohli
1275,ukvintagebikes
1276,Ap143Arun
1277,SIharleyrider
1278,AnuRaJ56318391
1279,Vikramjit_S
1280,KushalP12400537
1281,KennethSHall2
1282,mitalibhasin
1283,MikeTrout
1284,HD_DynaCo
1285,indiawater
1286,PlayStation
1287,BollywoodGandu
1288,arpananeja588
1289,42414241Akash
1290,IpkshitaSingh
1291,ConanOBrien
1292,nilirag18
1293,tin_arellano
1294,Pack_videosXXX
1295,Creathori
1296,Rutitan_n
1297,edwin_pompen
1298,caezar_lux
1299,waltwhitewhale
1300,tomfriedman
1301,drpraveengarg22
1302,NawaskhanNawas
1303,Gaurav27897539
1304,Xbox
1305,funnyordie
1306,ag101099
1307,Mayank_0099
1308,AfridiK61635151
1309,daisyvanier
1310,lol_ajayi
1311,drimhamd
1312,uditgoswami23
1313,chuckwoolery
1314,alosi_rodgers
1315,4Hi5wqG3mQ9wWjd
1316,KananGill
1317,lincolnhines
1318,UNUWIDER
1319,mnkvachher
1320,sketch_addict
1321,KevinHart4real
1322,merysantika93
1323,ruthreichl
1324,mk7073
1325,658fabbc10e24ac
1326,ChMH18
1327,rachanadesh
1328,NamanJa02630318
1329,thevonfamily
1330,NewsroomPostCom
1331,pusreenathcs
1332,JerrySeinfeld
1333,gzchef
1334,lhord_salem
1335,JimmieJohnson
1336,roxieburton6941
1337,paperwerksart
1338,Illusion_inkAZ
1339,YourKpopShopIN
1340,arie130994
1341,advik_aggarwal
1342,YhachaMutsz
1343,BhavyaVenuscat
1344,Jeeveshu
1345,LukeBryanOnline
1346,meha_srivastava
1347,PlatorAvdiu
1348,NawalElZoghbi
1349,MISSCOOKIE1223
1350,capmaisonhotel
1351,TimOfLegend
1352,MAAMESANDRA1
1353,bIgtoBacCocoMpa
1354,JenaMetzgherei
1355,bapicovuhep
1356,FhatahAbdul
1357,sumeetsaurabh13
1358,nishita630
1359,PrettyChoiP
1360,challengeprash1
1361,pid_gov
1362,FavorableThough
1363,sarasarita5000
1364,udit_bagla
1365,JonathanTorke
1366,adrienbrody
1367,StartupPro
1368,KhannaChavi
1369,StartupGrind
1370,dirtycuz5000
1371,RobinMiltenber
1372,chieflydigital
1373,azizansari
1374,RameezAwan10
1375,SGarg510
1376,JeffMil54457139
1377,pongpond1988
1378,alvarogonzalo88
1379,lebigtrip
1380,KushChauhancr7
1381,jain_atulya
1382,harshit0399
1383,KeshavSaxena17
1384,trivedi_jai
1385,Playtime8978
1386,nickripp
1387,RabiGunaratnam
1388,PapasLeather
1389,Adis897
1390,chefjoseandres
1391,FlocBlacksheep
1392,Ahmedshabbir20
1393,bike_builder_13
1394,Martyr_Maker
1395,MikeWorthen1
1396,Endahcaem3
1397,TheQtiyapaGuy
1398,lokesh947986370
1399,jaffathecake
1400,mpimbadav
1401,EvolutionBlueXl
1402,Joesatriani78
1403,moefcc
1404,RaminNasibov
1405,jameybelyea
1406,danielw85383838
1407,patricia_b93
1408,shadam2106
1409,RoyceBurnly
1410,canco12345
1411,Dattatreya303
1412,AlbuainainSaoud
1413,BabaM0odi
1414,Formula1_MotoGP
1415,AlexMaloCle
1416,tulloch_tatum
1417,lexshints
1418,VictoriasSecret
1419,NattyGizaw
1420,gagas_tour
1421,JonnaTravels
1422,gkhamba
1423,thegreatclive
1424,HouDatGirl
1425,people
1426,iOnly_Rahul
1427,ritu_parveen
1428,yuan_balqis
1429,mario_guntur
1430,amyschumer
1431,aurang_mughal
1432,SagittariusAnsh
1433,DikshitaNakra
1434,wa62543801
1435,Sanjana75948112
1436,bg_consultancy
1437,Yaduvnshi_sahil
1438,MintPearBeauty
1439,Trantuhoshi1
1440,lilisadili6
1441,barenaturals
1442,RottenTomatoes
1443,subhakarsastry
1444,Gunkirat_16
1445,aakashsood98
1446,SMediaGrow
1447,Abhihegde96
1448,KhushiBajaj5
1449,abhishekmanglaa
1450,UyghurCongress
1451,Nihar1993
1452,StephenCurry30
1453,dhanush95
1454,Amit0173
1455,PareschiVanessa
1456,markfrob
1457,K_Sai_Chandana
1458,a_ajinjo
1459,DFWInsider
1460,Gercgar
1461,CBBonFOX
1462,fourzerotwo
1463,pvertigoweb
1464,b_bop97
1465,shubhamsnehi768
1466,TheViralFever
1467,Brian90505
1468,AmritaDhillon92
1469,jewelgoldenball
1470,bajajabhishek14
1471,priash96
1472,blakeshelton
1473,ruchigupta1968
1474,Dinatulmeiti15
1475,antoniodetorres
1476,SugianNoor08
1477,humayunmani007
1478,aayushmahindru
1479,prateekc95
1480,Caitlyn_Jenner
1481,mPhoneGlobal
1482,veronicatan168
1483,ShainaNC
1484,bestcss_in
1485,derricktumus1
1486,056f6b342b7c41e
1487,BonnieP08683568
1488,ChefSteps
1489,uidesignpattern
1490,amrit_jindal
1491,suddendeath_13
1492,shivansh_tyagi
1493,torre_giuseppe
1494,NeotestTeam
1495,AHMalcolm
1496,globallovefund
1497,Mujeeb_sarwari
1498,skhelle
1499,Sally24855857
1500,BenelliCaffe
1501,kerrywashington
1502,fitnessily
1503,coolvaibhav26
1504,tomt44
1505,sanchitdhull
1506,Ayulinda2730
1507,vaaasu6
1508,BankasovRus
1509,Dawn41100773
1510,Bobby48670153
1511,MalequlHaque
1512,npriyanka06
1513,HumasPolisi
1514,brien_buddy
1515,jackson_ken02
1516,cocorocha
1517,AbijitG
1518,_shifa_07
1519,Pricila_Cake
1520,muz4now
1521,Virgo_F6
1522,chefsymon
1523,vinayaksn
1524,Amiri88292485
1525,AdamMilstein
1526,EYTAgency
1527,mimegame
1528,MeenaWaghray
1529,DrMarcilioBraz
1530,nikhil31sai
1531,tweetkhyati
1532,tonyfisherjr
1533,amjadshaw1
1534,jane_darley
1535,epul_bhontot27
1536,kdelhi59
1537,HughAcheson
1538,AsurKang
1539,kesehatanku22
1540,ganeshjoshi0551
1541,Tejas_jj
1542,satsgarg1996
1543,thunderbird98
1544,wahmar1203
1545,TSuryanshi
1546,chezinofficial
1547,raflyferafqu2
1548,suvidit
1549,mmsrb123
1550,backpackingfit
1551,gauravbagoria21
1552,JasonnMuberry
1553,flashfed
1554,Tushar94871961

